product_key,product_id,product_number,product_name,category_id,category,subcategory,maintenance,cost,product_line,start_date
1,210,FR-R92B-58,HL Road Frame - Black- 58,CO_RF,Components,Road Frames,Yes,0,Road,2003-07-01 00:00:00
2,211,FR-R92R-58,HL Road Frame - Red- 58,CO_RF,Components,Road Frames,Yes,0,Road,2003-07-01 00:00:00
3,348,BK-M82B-38,Mountain-100 Black- 38,BI_MB,Bikes,Mountain Bikes,Yes,1898,Mountain,2011-07-01 00:00:00
4,349,BK-M82B-42,Mountain-100 Black- 42,BI_MB,Bikes,Mountain Bikes,Yes,1898,Mountain,2011-07-01 00:00:00
5,350,BK-M82B-44,Mountain-100 Black- 44,BI_MB,Bikes,Mountain Bikes,Yes,1898,Mountain,2011-07-01 00:00:00
6,351,BK-M82B-48,Mountain-100 Black- 48,BI_MB,Bikes,Mountain Bikes,Yes,1898,Mountain,2011-07-01 00:00:00
7,344,BK-M82S-38,Mountain-100 Silver- 38,BI_MB,Bikes,Mountain Bikes,Yes,1912,Mountain,2011-07-01 00:00:00
8,345,BK-M82S-42,Mountain-100 Silver- 42,BI_MB,Bikes,Mountain Bikes,Yes,1912,Mountain,2011-07-01 00:00:00
9,346,BK-M82S-44,Mountain-100 Silver- 44,BI_MB,Bikes,Mountain Bikes,Yes,1912,Mountain,2011-07-01 00:00:00
10,347,BK-M82S-48,Mountain-100 Silver- 48,BI_MB,Bikes,Mountain Bikes,Yes,1912,Mountain,2011-07-01 00:00:00
11,317,BK-R68R-44,Road-450 Red- 44,BI_RB,Bikes,Road Bikes,Yes,885,Road,2011-07-01 00:00:00
12,318,BK-R68R-48,Road-450 Red- 48,BI_RB,Bikes,Road Bikes,Yes,885,Road,2011-07-01 00:00:00
13,319,BK-R68R-52,Road-450 Red- 52,BI_RB,Bikes,Road Bikes,Yes,885,Road,2011-07-01 00:00:00
14,315,BK-R68R-58,Road-450 Red- 58,BI_RB,Bikes,Road Bikes,Yes,885,Road,2011-07-01 00:00:00
15,316,BK-R68R-60,Road-450 Red- 60,BI_RB,Bikes,Road Bikes,Yes,885,Road,2011-07-01 00:00:00
16,311,BK-R93R-44,Road-150 Red- 44,BI_RB,Bikes,Road Bikes,Yes,2171,Road,2011-07-01 00:00:00
17,312,BK-R93R-48,Road-150 Red- 48,BI_RB,Bikes,Road Bikes,Yes,2171,Road,2011-07-01 00:00:00
18,313,BK-R93R-52,Road-150 Red- 52,BI_RB,Bikes,Road Bikes,Yes,2171,Road,2011-07-01 00:00:00
19,314,BK-R93R-56,Road-150 Red- 56,BI_RB,Bikes,Road Bikes,Yes,2171,Road,2011-07-01 00:00:00
20,310,BK-R93R-62,Road-150 Red- 62,BI_RB,Bikes,Road Bikes,Yes,2171,Road,2011-07-01 00:00:00
21,299,FR-M94B-44,HL Mountain Frame - Black- 44,CO_MF,Components,Mountain Frames,Yes,699,Mountain,2011-07-01 00:00:00
22,300,FR-M94B-48,HL Mountain Frame - Black- 48,CO_MF,Components,Mountain Frames,Yes,699,Mountain,2011-07-01 00:00:00
23,291,FR-M94S-44,HL Mountain Frame - Silver- 44,CO_MF,Components,Mountain Frames,Yes,707,Mountain,2011-07-01 00:00:00
24,292,FR-M94S-52,HL Mountain Frame - Silver- 48,CO_MF,Components,Mountain Frames,Yes,707,Mountain,2011-07-01 00:00:00
25,274,FR-R72R-44,ML Road Frame - Red- 44,CO_RF,Components,Road Frames,Yes,352,Road,2011-07-01 00:00:00
26,275,FR-R72R-48,ML Road Frame - Red- 48,CO_RF,Components,Road Frames,Yes,352,Road,2011-07-01 00:00:00
27,276,FR-R72R-52,ML Road Frame - Red- 52,CO_RF,Components,Road Frames,Yes,352,Road,2011-07-01 00:00:00
28,277,FR-R72R-58,ML Road Frame - Red- 58,CO_RF,Components,Road Frames,Yes,352,Road,2011-07-01 00:00:00
29,278,FR-R72R-60,ML Road Frame - Red- 60,CO_RF,Components,Road Frames,Yes,352,Road,2011-07-01 00:00:00
30,219,SO-B909-L,Mountain Bike Socks- L,CL_SO,Clothing,Socks,No,3,Mountain,2011-07-01 00:00:00
31,218,SO-B909-M,Mountain Bike Socks- M,CL_SO,Clothing,Socks,No,3,Mountain,2011-07-01 00:00:00
32,364,BK-M47B-38,Mountain-300 Black- 38,BI_MB,Bikes,Mountain Bikes,Yes,598,Mountain,2012-07-01 00:00:00
33,365,BK-M47B-40,Mountain-300 Black- 40,BI_MB,Bikes,Mountain Bikes,Yes,598,Mountain,2012-07-01 00:00:00
34,366,BK-M47B-44,Mountain-300 Black- 44,BI_MB,Bikes,Mountain Bikes,Yes,598,Mountain,2012-07-01 00:00:00
35,367,BK-M47B-48,Mountain-300 Black- 48,BI_MB,Bikes,Mountain Bikes,Yes,598,Mountain,2012-07-01 00:00:00
36,339,BK-R50B-44,Road-650 Black- 44,BI_RB,Bikes,Road Bikes,Yes,487,Road,2012-07-01 00:00:00
37,341,BK-R50B-48,Road-650 Black- 48,BI_RB,Bikes,Road Bikes,Yes,487,Road,2012-07-01 00:00:00
38,343,BK-R50B-52,Road-650 Black- 52,BI_RB,Bikes,Road Bikes,Yes,487,Road,2012-07-01 00:00:00
39,333,BK-R50B-58,Road-650 Black- 58,BI_RB,Bikes,Road Bikes,Yes,487,Road,2012-07-01 00:00:00
40,335,BK-R50B-60,Road-650 Black- 60,BI_RB,Bikes,Road Bikes,Yes,487,Road,2012-07-01 00:00:00
41,337,BK-R50B-62,Road-650 Black- 62,BI_RB,Bikes,Road Bikes,Yes,487,Road,2012-07-01 00:00:00
42,327,BK-R50R-44,Road-650 Red- 44,BI_RB,Bikes,Road Bikes,Yes,487,Road,2012-07-01 00:00:00
43,329,BK-R50R-48,Road-650 Red- 48,BI_RB,Bikes,Road Bikes,Yes,487,Road,2012-07-01 00:00:00
44,331,BK-R50R-52,Road-650 Red- 52,BI_RB,Bikes,Road Bikes,Yes,487,Road,2012-07-01 00:00:00
45,321,BK-R50R-58,Road-650 Red- 58,BI_RB,Bikes,Road Bikes,Yes,487,Road,2012-07-01 00:00:00
46,323,BK-R50R-60,Road-650 Red- 60,BI_RB,Bikes,Road Bikes,Yes,487,Road,2012-07-01 00:00:00
47,325,BK-R50R-62,Road-650 Red- 62,BI_RB,Bikes,Road Bikes,Yes,487,Road,2012-07-01 00:00:00
48,368,BK-R89R-44,Road-250 Red- 44,BI_RB,Bikes,Road Bikes,Yes,1519,Road,2012-07-01 00:00:00
49,369,BK-R89R-48,Road-250 Red- 48,BI_RB,Bikes,Road Bikes,Yes,1519,Road,2012-07-01 00:00:00
50,370,BK-R89R-52,Road-250 Red- 52,BI_RB,Bikes,Road Bikes,Yes,1519,Road,2012-07-01 00:00:00
51,391,FK-1639,LL Fork,CO_FO,Components,Forks,Yes,66,n/a,2012-07-01 00:00:00
52,392,FK-5136,ML Fork,CO_FO,Components,Forks,Yes,78,n/a,2012-07-01 00:00:00
53,393,FK-9939,HL Fork,CO_FO,Components,Forks,Yes,102,n/a,2012-07-01 00:00:00
54,409,FR-M63B-38,ML Mountain Frame - Black- 38,CO_MF,Components,Mountain Frames,Yes,186,Mountain,2012-07-01 00:00:00
55,426,FR-M63B-40,ML Mountain Frame - Black- 40,CO_MF,Components,Mountain Frames,Yes,186,Mountain,2012-07-01 00:00:00
56,427,FR-M63B-44,ML Mountain Frame - Black- 44,CO_MF,Components,Mountain Frames,Yes,186,Mountain,2012-07-01 00:00:00
57,428,FR-M63B-48,ML Mountain Frame - Black- 48,CO_MF,Components,Mountain Frames,Yes,186,Mountain,2012-07-01 00:00:00
58,263,FR-R38R-44,LL Road Frame - Red- 44,CO_RF,Components,Road Frames,Yes,187,Road,2012-07-01 00:00:00
59,265,FR-R38R-48,LL Road Frame - Red- 48,CO_RF,Components,Road Frames,Yes,187,Road,2012-07-01 00:00:00
60,267,FR-R38R-52,LL Road Frame - Red- 52,CO_RF,Components,Road Frames,Yes,187,Road,2012-07-01 00:00:00
61,269,FR-R38R-58,LL Road Frame - Red- 58,CO_RF,Components,Road Frames,Yes,187,Road,2012-07-01 00:00:00
62,271,FR-R38R-60,LL Road Frame - Red- 60,CO_RF,Components,Road Frames,Yes,187,Road,2012-07-01 00:00:00
63,273,FR-R38R-62,LL Road Frame - Red- 62,CO_RF,Components,Road Frames,Yes,187,Road,2012-07-01 00:00:00
64,410,FW-M423,LL Mountain Front Wheel,CO_WH,Components,Wheels,Yes,27,Mountain,2012-07-01 00:00:00
65,411,FW-M762,ML Mountain Front Wheel,CO_WH,Components,Wheels,Yes,93,Mountain,2012-07-01 00:00:00
66,412,FW-M928,HL Mountain Front Wheel,CO_WH,Components,Wheels,Yes,133,Mountain,2012-07-01 00:00:00
67,413,FW-R623,LL Road Front Wheel,CO_WH,Components,Wheels,Yes,38,Road,2012-07-01 00:00:00
68,414,FW-R762,ML Road Front Wheel,CO_WH,Components,Wheels,Yes,110,Road,2012-07-01 00:00:00
69,415,FW-R820,HL Road Front Wheel,CO_WH,Components,Wheels,Yes,147,Road,2012-07-01 00:00:00
70,416,FW-T905,Touring Front Wheel,CO_WH,Components,Wheels,Yes,97,Touring,2012-07-01 00:00:00
71,470,GL-F110-L,Full-Finger Gloves- L,CL_GL,Clothing,Gloves,No,16,Mountain,2012-07-01 00:00:00
72,469,GL-F110-M,Full-Finger Gloves- M,CL_GL,Clothing,Gloves,No,16,Mountain,2012-07-01 00:00:00
73,468,GL-F110-S,Full-Finger Gloves- S,CL_GL,Clothing,Gloves,No,16,Mountain,2012-07-01 00:00:00
74,394,HS-0296,LL Headset,CO_HS,Components,Headsets,No,15,n/a,2012-07-01 00:00:00
75,395,HS-2451,ML Headset,CO_HS,Components,Headsets,No,45,n/a,2012-07-01 00:00:00
76,396,HS-3479,HL Headset,CO_HS,Components,Headsets,No,55,n/a,2012-07-01 00:00:00
77,447,LO-C100,Cable Lock,AC_LO,Accessories,Locks,Yes,10,Other Sales,2012-07-01 00:00:00
78,451,LT-H902,Headlights - Dual-Beam,AC_LI,Accessories,Lights,Yes,14,Road,2012-07-01 00:00:00
79,452,LT-H903,Headlights - Weatherproof,AC_LI,Accessories,Lights,Yes,19,Road,2012-07-01 00:00:00
80,450,LT-T990,Taillights - Battery-Powered,AC_LI,Accessories,Lights,Yes,6,Road,2012-07-01 00:00:00
81,446,PA-T100,Touring-Panniers- Large,AC_PA,Accessories,Panniers,No,52,Touring,2012-07-01 00:00:00
82,448,PU-0452,Minipump,AC_PU,Accessories,Pumps,Yes,8,Other Sales,2012-07-01 00:00:00
83,449,PU-M044,Mountain Pump,AC_PU,Accessories,Pumps,Yes,10,Mountain,2012-07-01 00:00:00
84,419,RW-M423,LL Mountain Rear Wheel,CO_WH,Components,Wheels,Yes,39,Mountain,2012-07-01 00:00:00
85,420,RW-M762,ML Mountain Rear Wheel,CO_WH,Components,Wheels,Yes,105,Mountain,2012-07-01 00:00:00
86,421,RW-M928,HL Mountain Rear Wheel,CO_WH,Components,Wheels,Yes,145,Mountain,2012-07-01 00:00:00
87,422,RW-R623,LL Road Rear Wheel,CO_WH,Components,Wheels,Yes,50,Road,2012-07-01 00:00:00
88,423,RW-R762,ML Road Rear Wheel,CO_WH,Components,Wheels,Yes,122,Road,2012-07-01 00:00:00
89,424,RW-R820,HL Road Rear Wheel,CO_WH,Components,Wheels,Yes,159,Road,2012-07-01 00:00:00
90,425,RW-T905,Touring Rear Wheel,CO_WH,Components,Wheels,Yes,109,Touring,2012-07-01 00:00:00
91,461,SB-M891-L,Men's Bib-Shorts- L,CL_BS,Clothing,Bib-Shorts,No,37,Other Sales,2012-07-01 00:00:00
92,460,SB-M891-M,Men's Bib-Shorts- M,CL_BS,Clothing,Bib-Shorts,No,37,Other Sales,2012-07-01 00:00:00
93,459,SB-M891-S,Men's Bib-Shorts- S,CL_BS,Clothing,Bib-Shorts,No,37,Other Sales,2012-07-01 00:00:00
94,454,SH-M897-L,Men's Sports Shorts- L,CL_SH,Clothing,Shorts,No,25,Other Sales,2012-07-01 00:00:00
95,453,SH-M897-M,Men's Sports Shorts- M,CL_SH,Clothing,Shorts,No,25,Other Sales,2012-07-01 00:00:00
96,445,SH-M897-S,Men's Sports Shorts- S,CL_SH,Clothing,Shorts,No,25,Other Sales,2012-07-01 00:00:00
97,455,SH-M897-X,Men's Sports Shorts- XL,CL_SH,Clothing,Shorts,No,25,Other Sales,2012-07-01 00:00:00
98,458,TG-W091-L,Women's Tights- L,CL_TI,Clothing,Tights,No,31,Other Sales,2012-07-01 00:00:00
99,457,TG-W091-M,Women's Tights- M,CL_TI,Clothing,Tights,No,31,Other Sales,2012-07-01 00:00:00
100,456,TG-W091-S,Women's Tights- S,CL_TI,Clothing,Tights,No,31,Other Sales,2012-07-01 00:00:00
101,601,BB-7421,LL Bottom Bracket,CO_BB,Components,Bottom Brackets,Yes,24,n/a,2013-07-01 00:00:00
102,602,BB-8107,ML Bottom Bracket,CO_BB,Components,Bottom Brackets,Yes,45,n/a,2013-07-01 00:00:00
103,603,BB-9108,HL Bottom Bracket,CO_BB,Components,Bottom Brackets,Yes,54,n/a,2013-07-01 00:00:00
104,478,BC-M005,Mountain Bottle Cage,AC_BC,Accessories,Bottles and Cages,No,4,Mountain,2013-07-01 00:00:00
105,479,BC-R205,Road Bottle Cage,AC_BC,Accessories,Bottles and Cages,No,3,Road,2013-07-01 00:00:00
106,596,BK-M18B-40,Mountain-500 Black- 40,BI_MB,Bikes,Mountain Bikes,Yes,295,Mountain,2013-07-01 00:00:00
107,597,BK-M18B-42,Mountain-500 Black- 42,BI_MB,Bikes,Mountain Bikes,Yes,295,Mountain,2013-07-01 00:00:00
108,598,BK-M18B-44,Mountain-500 Black- 44,BI_MB,Bikes,Mountain Bikes,Yes,295,Mountain,2013-07-01 00:00:00
109,599,BK-M18B-48,Mountain-500 Black- 48,BI_MB,Bikes,Mountain Bikes,Yes,295,Mountain,2013-07-01 00:00:00
110,600,BK-M18B-52,Mountain-500 Black- 52,BI_MB,Bikes,Mountain Bikes,Yes,295,Mountain,2013-07-01 00:00:00
111,591,BK-M18S-40,Mountain-500 Silver- 40,BI_MB,Bikes,Mountain Bikes,Yes,308,Mountain,2013-07-01 00:00:00
112,592,BK-M18S-42,Mountain-500 Silver- 42,BI_MB,Bikes,Mountain Bikes,Yes,308,Mountain,2013-07-01 00:00:00
113,593,BK-M18S-44,Mountain-500 Silver- 44,BI_MB,Bikes,Mountain Bikes,Yes,308,Mountain,2013-07-01 00:00:00
114,594,BK-M18S-48,Mountain-500 Silver- 48,BI_MB,Bikes,Mountain Bikes,Yes,308,Mountain,2013-07-01 00:00:00
115,595,BK-M18S-52,Mountain-500 Silver- 52,BI_MB,Bikes,Mountain Bikes,Yes,308,Mountain,2013-07-01 00:00:00
116,587,BK-M38S-38,Mountain-400-W Silver- 38,BI_MB,Bikes,Mountain Bikes,Yes,420,Mountain,2013-07-01 00:00:00
117,588,BK-M38S-40,Mountain-400-W Silver- 40,BI_MB,Bikes,Mountain Bikes,Yes,420,Mountain,2013-07-01 00:00:00
118,589,BK-M38S-42,Mountain-400-W Silver- 42,BI_MB,Bikes,Mountain Bikes,Yes,420,Mountain,2013-07-01 00:00:00
119,590,BK-M38S-46,Mountain-400-W Silver- 46,BI_MB,Bikes,Mountain Bikes,Yes,420,Mountain,2013-07-01 00:00:00
120,359,BK-M68B-38,Mountain-200 Black- 38,BI_MB,Bikes,Mountain Bikes,Yes,1252,Mountain,2013-07-01 00:00:00
121,361,BK-M68B-42,Mountain-200 Black- 42,BI_MB,Bikes,Mountain Bikes,Yes,1252,Mountain,2013-07-01 00:00:00
122,363,BK-M68B-46,Mountain-200 Black- 46,BI_MB,Bikes,Mountain Bikes,Yes,1252,Mountain,2013-07-01 00:00:00
123,353,BK-M68S-38,Mountain-200 Silver- 38,BI_MB,Bikes,Mountain Bikes,Yes,1266,Mountain,2013-07-01 00:00:00
124,355,BK-M68S-42,Mountain-200 Silver- 42,BI_MB,Bikes,Mountain Bikes,Yes,1266,Mountain,2013-07-01 00:00:00
125,357,BK-M68S-46,Mountain-200 Silver- 46,BI_MB,Bikes,Mountain Bikes,Yes,1266,Mountain,2013-07-01 00:00:00
126,604,BK-R19B-44,Road-750 Black- 44,BI_RB,Bikes,Road Bikes,Yes,344,Road,2013-07-01 00:00:00
127,605,BK-R19B-48,Road-750 Black- 48,BI_RB,Bikes,Road Bikes,Yes,344,Road,2013-07-01 00:00:00
128,606,BK-R19B-52,Road-750 Black- 52,BI_RB,Bikes,Road Bikes,Yes,344,Road,2013-07-01 00:00:00
129,584,BK-R19B-58,Road-750 Black- 58,BI_RB,Bikes,Road Bikes,Yes,344,Road,2013-07-01 00:00:00
130,382,BK-R64Y-38,Road-550-W Yellow- 38,BI_RB,Bikes,Road Bikes,Yes,713,Road,2013-07-01 00:00:00
131,384,BK-R64Y-40,Road-550-W Yellow- 40,BI_RB,Bikes,Road Bikes,Yes,713,Road,2013-07-01 00:00:00
132,386,BK-R64Y-42,Road-550-W Yellow- 42,BI_RB,Bikes,Road Bikes,Yes,713,Road,2013-07-01 00:00:00
133,388,BK-R64Y-44,Road-550-W Yellow- 44,BI_RB,Bikes,Road Bikes,Yes,713,Road,2013-07-01 00:00:00
134,390,BK-R64Y-48,Road-550-W Yellow- 48,BI_RB,Bikes,Road Bikes,Yes,713,Road,2013-07-01 00:00:00
135,580,BK-R79Y-40,Road-350-W Yellow- 40,BI_RB,Bikes,Road Bikes,Yes,1083,Road,2013-07-01 00:00:00
136,581,BK-R79Y-42,Road-350-W Yellow- 42,BI_RB,Bikes,Road Bikes,Yes,1083,Road,2013-07-01 00:00:00
137,582,BK-R79Y-44,Road-350-W Yellow- 44,BI_RB,Bikes,Road Bikes,Yes,1083,Road,2013-07-01 00:00:00
138,583,BK-R79Y-48,Road-350-W Yellow- 48,BI_RB,Bikes,Road Bikes,Yes,1083,Road,2013-07-01 00:00:00
139,374,BK-R89B-44,Road-250 Black- 44,BI_RB,Bikes,Road Bikes,Yes,1555,Road,2013-07-01 00:00:00
140,376,BK-R89B-48,Road-250 Black- 48,BI_RB,Bikes,Road Bikes,Yes,1555,Road,2013-07-01 00:00:00
141,378,BK-R89B-52,Road-250 Black- 52,BI_RB,Bikes,Road Bikes,Yes,1555,Road,2013-07-01 00:00:00
142,380,BK-R89B-58,Road-250 Black- 58,BI_RB,Bikes,Road Bikes,Yes,1555,Road,2013-07-01 00:00:00
143,372,BK-R89R-58,Road-250 Red- 58,BI_RB,Bikes,Road Bikes,Yes,1555,Road,2013-07-01 00:00:00
144,585,BK-T18U-44,Touring-3000 Blue- 44,BI_TB,Bikes,Touring Bikes,Yes,461,Touring,2013-07-01 00:00:00
145,586,BK-T18U-50,Touring-3000 Blue- 50,BI_TB,Bikes,Touring Bikes,Yes,461,Touring,2013-07-01 00:00:00
146,565,BK-T18U-54,Touring-3000 Blue- 54,BI_TB,Bikes,Touring Bikes,Yes,461,Touring,2013-07-01 00:00:00
147,566,BK-T18U-58,Touring-3000 Blue- 58,BI_TB,Bikes,Touring Bikes,Yes,461,Touring,2013-07-01 00:00:00
148,567,BK-T18U-62,Touring-3000 Blue- 62,BI_TB,Bikes,Touring Bikes,Yes,461,Touring,2013-07-01 00:00:00
149,568,BK-T18Y-44,Touring-3000 Yellow- 44,BI_TB,Bikes,Touring Bikes,Yes,461,Touring,2013-07-01 00:00:00
150,569,BK-T18Y-50,Touring-3000 Yellow- 50,BI_TB,Bikes,Touring Bikes,Yes,461,Touring,2013-07-01 00:00:00
151,570,BK-T18Y-54,Touring-3000 Yellow- 54,BI_TB,Bikes,Touring Bikes,Yes,461,Touring,2013-07-01 00:00:00
152,571,BK-T18Y-58,Touring-3000 Yellow- 58,BI_TB,Bikes,Touring Bikes,Yes,461,Touring,2013-07-01 00:00:00
153,572,BK-T18Y-62,Touring-3000 Yellow- 62,BI_TB,Bikes,Touring Bikes,Yes,461,Touring,2013-07-01 00:00:00
154,577,BK-T44U-46,Touring-2000 Blue- 46,BI_TB,Bikes,Touring Bikes,Yes,755,Touring,2013-07-01 00:00:00
155,578,BK-T44U-50,Touring-2000 Blue- 50,BI_TB,Bikes,Touring Bikes,Yes,755,Touring,2013-07-01 00:00:00
156,579,BK-T44U-54,Touring-2000 Blue- 54,BI_TB,Bikes,Touring Bikes,Yes,755,Touring,2013-07-01 00:00:00
157,560,BK-T44U-60,Touring-2000 Blue- 60,BI_TB,Bikes,Touring Bikes,Yes,755,Touring,2013-07-01 00:00:00
158,573,BK-T79U-46,Touring-1000 Blue- 46,BI_TB,Bikes,Touring Bikes,Yes,1482,Touring,2013-07-01 00:00:00
159,574,BK-T79U-50,Touring-1000 Blue- 50,BI_TB,Bikes,Touring Bikes,Yes,1482,Touring,2013-07-01 00:00:00
160,575,BK-T79U-54,Touring-1000 Blue- 54,BI_TB,Bikes,Touring Bikes,Yes,1482,Touring,2013-07-01 00:00:00
161,576,BK-T79U-60,Touring-1000 Blue- 60,BI_TB,Bikes,Touring Bikes,Yes,1482,Touring,2013-07-01 00:00:00
162,561,BK-T79Y-46,Touring-1000 Yellow- 46,BI_TB,Bikes,Touring Bikes,Yes,1482,Touring,2013-07-01 00:00:00
163,562,BK-T79Y-50,Touring-1000 Yellow- 50,BI_TB,Bikes,Touring Bikes,Yes,1482,Touring,2013-07-01 00:00:00
164,563,BK-T79Y-54,Touring-1000 Yellow- 54,BI_TB,Bikes,Touring Bikes,Yes,1482,Touring,2013-07-01 00:00:00
165,564,BK-T79Y-60,Touring-1000 Yellow- 60,BI_TB,Bikes,Touring Bikes,Yes,1482,Touring,2013-07-01 00:00:00
166,225,CA-1098,AWC Logo Cap,CL_CA,Clothing,Caps,No,7,Other Sales,2013-07-01 00:00:00
167,559,CH-0234,Chain,CO_CH,Components,Chains,Yes,9,n/a,2013-07-01 00:00:00
168,484,CL-9009,Bike Wash - Dissolver,AC_CL,Accessories,Cleaners,Yes,3,Other Sales,2013-07-01 00:00:00
169,556,CS-4759,LL Crankset,CO_CS,Components,Cranksets,Yes,78,n/a,2013-07-01 00:00:00
170,557,CS-6583,ML Crankset,CO_CS,Components,Cranksets,Yes,114,n/a,2013-07-01 00:00:00
171,558,CS-9183,HL Crankset,CO_CS,Components,Cranksets,Yes,180,n/a,2013-07-01 00:00:00
172,555,FB-9873,Front Brakes,CO_BR,Components,Brakes,Yes,47,n/a,2013-07-01 00:00:00
173,552,FD-2342,Front Derailleur,CO_DE,Components,Derailleurs,Yes,41,n/a,2013-07-01 00:00:00
174,485,FE-6654,Fender Set - Mountain,AC_FE,Accessories,Fenders,No,8,Mountain,2013-07-01 00:00:00
175,550,FR-M21B-40,LL Mountain Frame - Black- 40,CO_MF,Components,Mountain Frames,Yes,137,Mountain,2013-07-01 00:00:00
176,531,FR-M21B-42,LL Mountain Frame - Black- 42,CO_MF,Components,Mountain Frames,Yes,137,Mountain,2013-07-01 00:00:00
177,532,FR-M21B-44,LL Mountain Frame - Black- 44,CO_MF,Components,Mountain Frames,Yes,137,Mountain,2013-07-01 00:00:00
178,533,FR-M21B-48,LL Mountain Frame - Black- 48,CO_MF,Components,Mountain Frames,Yes,137,Mountain,2013-07-01 00:00:00
179,534,FR-M21B-52,LL Mountain Frame - Black- 52,CO_MF,Components,Mountain Frames,Yes,137,Mountain,2013-07-01 00:00:00
180,551,FR-M21S-40,LL Mountain Frame - Silver- 40,CO_MF,Components,Mountain Frames,Yes,145,Mountain,2013-07-01 00:00:00
181,524,FR-M21S-42,LL Mountain Frame - Silver- 42,CO_MF,Components,Mountain Frames,Yes,145,Mountain,2013-07-01 00:00:00
182,525,FR-M21S-44,LL Mountain Frame - Silver- 44,CO_MF,Components,Mountain Frames,Yes,145,Mountain,2013-07-01 00:00:00
183,526,FR-M21S-48,LL Mountain Frame - Silver- 48,CO_MF,Components,Mountain Frames,Yes,145,Mountain,2013-07-01 00:00:00
184,527,FR-M21S-52,LL Mountain Frame - Silver- 52,CO_MF,Components,Mountain Frames,Yes,145,Mountain,2013-07-01 00:00:00
185,549,FR-M63S-38,ML Mountain Frame-W - Silver- 38,CO_MF,Components,Mountain Frames,Yes,199,Mountain,2013-07-01 00:00:00
186,511,FR-M63S-40,ML Mountain Frame-W - Silver- 40,CO_MF,Components,Mountain Frames,Yes,199,Mountain,2013-07-01 00:00:00
187,512,FR-M63S-42,ML Mountain Frame-W - Silver- 42,CO_MF,Components,Mountain Frames,Yes,199,Mountain,2013-07-01 00:00:00
188,513,FR-M63S-46,ML Mountain Frame-W - Silver- 46,CO_MF,Components,Mountain Frames,Yes,199,Mountain,2013-07-01 00:00:00
189,306,FR-M94B-38,HL Mountain Frame - Black- 38,CO_MF,Components,Mountain Frames,Yes,739,Mountain,2013-07-01 00:00:00
190,298,FR-M94B-42,HL Mountain Frame - Black- 42,CO_MF,Components,Mountain Frames,Yes,739,Mountain,2013-07-01 00:00:00
191,303,FR-M94B-46,HL Mountain Frame - Black- 46,CO_MF,Components,Mountain Frames,Yes,739,Mountain,2013-07-01 00:00:00
192,309,FR-M94S-38,HL Mountain Frame - Silver- 38,CO_MF,Components,Mountain Frames,Yes,747,Mountain,2013-07-01 00:00:00
193,290,FR-M94S-42,HL Mountain Frame - Silver- 42,CO_MF,Components,Mountain Frames,Yes,747,Mountain,2013-07-01 00:00:00
194,295,FR-M94S-46,HL Mountain Frame - Silver- 46,CO_MF,Components,Mountain Frames,Yes,747,Mountain,2013-07-01 00:00:00
195,281,FR-R38B-44,LL Road Frame - Black- 44,CO_RF,Components,Road Frames,Yes,205,Road,2013-07-01 00:00:00
196,284,FR-R38B-48,LL Road Frame - Black- 48,CO_RF,Components,Road Frames,Yes,205,Road,2013-07-01 00:00:00
197,287,FR-R38B-52,LL Road Frame - Black- 52,CO_RF,Components,Road Frames,Yes,205,Road,2013-07-01 00:00:00
198,255,FR-R38B-58,LL Road Frame - Black- 58,CO_RF,Components,Road Frames,Yes,205,Road,2013-07-01 00:00:00
199,258,FR-R38B-60,LL Road Frame - Black- 60,CO_RF,Components,Road Frames,Yes,205,Road,2013-07-01 00:00:00
200,261,FR-R38B-62,LL Road Frame - Black- 62,CO_RF,Components,Road Frames,Yes,205,Road,2013-07-01 00:00:00
201,418,FR-R72Y-38,ML Road Frame-W - Yellow- 38,CO_RF,Components,Road Frames,Yes,361,Road,2013-07-01 00:00:00
202,430,FR-R72Y-40,ML Road Frame-W - Yellow- 40,CO_RF,Components,Road Frames,Yes,361,Road,2013-07-01 00:00:00
203,432,FR-R72Y-42,ML Road Frame-W - Yellow- 42,CO_RF,Components,Road Frames,Yes,361,Road,2013-07-01 00:00:00
204,434,FR-R72Y-44,ML Road Frame-W - Yellow- 44,CO_RF,Components,Road Frames,Yes,361,Road,2013-07-01 00:00:00
205,436,FR-R72Y-48,ML Road Frame-W - Yellow- 48,CO_RF,Components,Road Frames,Yes,361,Road,2013-07-01 00:00:00
206,440,FR-R92B-44,HL Road Frame - Black- 44,CO_RF,Components,Road Frames,Yes,869,Road,2013-07-01 00:00:00
207,442,FR-R92B-48,HL Road Frame - Black- 48,CO_RF,Components,Road Frames,Yes,869,Road,2013-07-01 00:00:00
208,444,FR-R92B-52,HL Road Frame - Black- 52,CO_RF,Components,Road Frames,Yes,869,Road,2013-07-01 00:00:00
209,438,FR-R92B-62,HL Road Frame - Black- 62,CO_RF,Components,Road Frames,Yes,869,Road,2013-07-01 00:00:00
210,243,FR-R92R-44,HL Road Frame - Red- 44,CO_RF,Components,Road Frames,Yes,869,Road,2013-07-01 00:00:00
211,246,FR-R92R-48,HL Road Frame - Red- 48,CO_RF,Components,Road Frames,Yes,869,Road,2013-07-01 00:00:00
212,249,FR-R92R-52,HL Road Frame - Red- 52,CO_RF,Components,Road Frames,Yes,869,Road,2013-07-01 00:00:00
213,252,FR-R92R-56,HL Road Frame - Red- 56,CO_RF,Components,Road Frames,Yes,869,Road,2013-07-01 00:00:00
214,240,FR-R92R-62,HL Road Frame - Red- 62,CO_RF,Components,Road Frames,Yes,869,Road,2013-07-01 00:00:00
215,510,FR-T67U-44,LL Touring Frame - Blue- 44,CO_TF,Components,Touring Frames,Yes,200,Touring,2013-07-01 00:00:00
216,502,FR-T67U-50,LL Touring Frame - Blue- 50,CO_TF,Components,Touring Frames,Yes,200,Touring,2013-07-01 00:00:00
217,503,FR-T67U-54,LL Touring Frame - Blue- 54,CO_TF,Components,Touring Frames,Yes,200,Touring,2013-07-01 00:00:00
218,504,FR-T67U-58,LL Touring Frame - Blue- 58,CO_TF,Components,Touring Frames,Yes,200,Touring,2013-07-01 00:00:00
219,505,FR-T67U-62,LL Touring Frame - Blue- 62,CO_TF,Components,Touring Frames,Yes,200,Touring,2013-07-01 00:00:00
220,506,FR-T67Y-44,LL Touring Frame - Yellow- 44,CO_TF,Components,Touring Frames,Yes,200,Touring,2013-07-01 00:00:00
221,507,FR-T67Y-50,LL Touring Frame - Yellow- 50,CO_TF,Components,Touring Frames,Yes,200,Touring,2013-07-01 00:00:00
222,508,FR-T67Y-54,LL Touring Frame - Yellow- 54,CO_TF,Components,Touring Frames,Yes,200,Touring,2013-07-01 00:00:00
223,509,FR-T67Y-58,LL Touring Frame - Yellow- 58,CO_TF,Components,Touring Frames,Yes,200,Touring,2013-07-01 00:00:00
224,493,FR-T67Y-62,LL Touring Frame - Yellow- 62,CO_TF,Components,Touring Frames,Yes,200,Touring,2013-07-01 00:00:00
225,497,FR-T98U-46,HL Touring Frame - Blue- 46,CO_TF,Components,Touring Frames,Yes,602,Touring,2013-07-01 00:00:00
226,498,FR-T98U-50,HL Touring Frame - Blue- 50,CO_TF,Components,Touring Frames,Yes,602,Touring,2013-07-01 00:00:00
227,499,FR-T98U-54,HL Touring Frame - Blue- 54,CO_TF,Components,Touring Frames,Yes,602,Touring,2013-07-01 00:00:00
228,500,FR-T98U-60,HL Touring Frame - Blue- 60,CO_TF,Components,Touring Frames,Yes,602,Touring,2013-07-01 00:00:00
229,494,FR-T98Y-46,HL Touring Frame - Yellow- 46,CO_TF,Components,Touring Frames,Yes,602,Touring,2013-07-01 00:00:00
230,495,FR-T98Y-50,HL Touring Frame - Yellow- 50,CO_TF,Components,Touring Frames,Yes,602,Touring,2013-07-01 00:00:00
231,496,FR-T98Y-54,HL Touring Frame - Yellow- 54,CO_TF,Components,Touring Frames,Yes,602,Touring,2013-07-01 00:00:00
232,492,FR-T98Y-60,HL Touring Frame - Yellow- 60,CO_TF,Components,Touring Frames,Yes,602,Touring,2013-07-01 00:00:00
233,467,GL-H102-L,Half-Finger Gloves- L,CL_GL,Clothing,Gloves,No,9,Other Sales,2013-07-01 00:00:00
234,465,GL-H102-M,Half-Finger Gloves- M,CL_GL,Clothing,Gloves,No,9,Other Sales,2013-07-01 00:00:00
235,463,GL-H102-S,Half-Finger Gloves- S,CL_GL,Clothing,Gloves,No,9,Other Sales,2013-07-01 00:00:00
236,398,HB-M243,LL Mountain Handlebars,CO_HB,Components,Handlebars,No,20,Mountain,2013-07-01 00:00:00
237,400,HB-M763,ML Mountain Handlebars,CO_HB,Components,Handlebars,No,27,Mountain,2013-07-01 00:00:00
238,402,HB-M918,HL Mountain Handlebars,CO_HB,Components,Handlebars,No,53,Mountain,2013-07-01 00:00:00
239,404,HB-R504,LL Road Handlebars,CO_HB,Components,Handlebars,No,20,Road,2013-07-01 00:00:00
240,406,HB-R720,ML Road Handlebars,CO_HB,Components,Handlebars,No,27,Road,2013-07-01 00:00:00
241,408,HB-R956,HL Road Handlebars,CO_HB,Components,Handlebars,No,53,Road,2013-07-01 00:00:00
242,553,HB-T721,LL Touring Handlebars,CO_HB,Components,Handlebars,No,20,Touring,2013-07-01 00:00:00
243,554,HB-T928,HL Touring Handlebars,CO_HB,Components,Handlebars,No,41,Touring,2013-07-01 00:00:00
244,217,HL-U509,Sport-100 Helmet- Black,AC_HE,Accessories,Helmets,Yes,13,Other Sales,2013-07-01 00:00:00
245,222,HL-U509-B,Sport-100 Helmet- Blue,AC_HE,Accessories,Helmets,Yes,13,Other Sales,2013-07-01 00:00:00
246,214,HL-U509-R,Sport-100 Helmet- Red,AC_HE,Accessories,Helmets,Yes,13,Other Sales,2013-07-01 00:00:00
247,487,HY-1023-70,Hydration Pack - 70 oz.,AC_HP,Accessories,Hydration Packs,No,21,Other Sales,2013-07-01 00:00:00
248,234,LJ-0192-L,Long-Sleeve Logo Jersey- L,CL_JE,Clothing,Jerseys,No,38,Other Sales,2013-07-01 00:00:00
249,231,LJ-0192-M,Long-Sleeve Logo Jersey- M,CL_JE,Clothing,Jerseys,No,38,Other Sales,2013-07-01 00:00:00
250,228,LJ-0192-S,Long-Sleeve Logo Jersey- S,CL_JE,Clothing,Jerseys,No,38,Other Sales,2013-07-01 00:00:00
251,237,LJ-0192-X,Long-Sleeve Logo Jersey- XL,CL_JE,Clothing,Jerseys,No,38,Other Sales,2013-07-01 00:00:00
252,542,PD-M282,LL Mountain Pedal,CO_PE,NULL,NULL,NULL,18,Mountain,2013-07-01 00:00:00
253,543,PD-M340,ML Mountain Pedal,CO_PE,NULL,NULL,NULL,28,Mountain,2013-07-01 00:00:00
254,544,PD-M562,HL Mountain Pedal,CO_PE,NULL,NULL,NULL,36,Mountain,2013-07-01 00:00:00
255,545,PD-R347,LL Road Pedal,CO_PE,NULL,NULL,NULL,18,Road,2013-07-01 00:00:00
256,546,PD-R563,ML Road Pedal,CO_PE,NULL,NULL,NULL,28,Road,2013-07-01 00:00:00
257,547,PD-R853,HL Road Pedal,CO_PE,NULL,NULL,NULL,36,Road,2013-07-01 00:00:00
258,548,PD-T852,Touring Pedal,CO_PE,NULL,NULL,NULL,36,Touring,2013-07-01 00:00:00
259,480,PK-7098,Patch Kit/8 Patches,AC_TT,Accessories,Tires and Tubes,Yes,1,Other Sales,2013-07-01 00:00:00
260,483,RA-H123,Hitch Rack - 4-Bike,AC_BR,Accessories,Bike Racks,Yes,45,Other Sales,2013-07-01 00:00:00
261,514,RB-9231,Rear Brakes,CO_BR,Components,Brakes,Yes,47,n/a,2013-07-01 00:00:00
262,501,RD-2308,Rear Derailleur,CO_DE,Components,Derailleurs,Yes,54,n/a,2013-07-01 00:00:00
263,515,SE-M236,LL Mountain Seat/Saddle,CO_SA,Components,Saddles,No,12,Mountain,2013-07-01 00:00:00
264,516,SE-M798,ML Mountain Seat/Saddle,CO_SA,Components,Saddles,No,17,Mountain,2013-07-01 00:00:00
265,517,SE-M940,HL Mountain Seat/Saddle,CO_SA,Components,Saddles,No,23,Mountain,2013-07-01 00:00:00
266,518,SE-R581,LL Road Seat/Saddle,CO_SA,Components,Saddles,No,12,Road,2013-07-01 00:00:00
267,519,SE-R908,ML Road Seat/Saddle,CO_SA,Components,Saddles,No,17,Touring,2013-07-01 00:00:00
268,520,SE-R995,HL Road Seat/Saddle,CO_SA,Components,Saddles,No,23,Road,2013-07-01 00:00:00
269,521,SE-T312,LL Touring Seat/Saddle,CO_SA,Components,Saddles,No,12,Touring,2013-07-01 00:00:00
270,522,SE-T762,ML Touring Seat/Saddle,CO_SA,Components,Saddles,No,17,Touring,2013-07-01 00:00:00
271,523,SE-T924,HL Touring Seat/Saddle,CO_SA,Components,Saddles,No,23,Touring,2013-07-01 00:00:00
272,476,SH-W890-L,Women's Mountain Shorts- L,CL_SH,Clothing,Shorts,No,26,Mountain,2013-07-01 00:00:00
273,475,SH-W890-M,Women's Mountain Shorts- M,CL_SH,Clothing,Shorts,No,26,Mountain,2013-07-01 00:00:00
274,474,SH-W890-S,Women's Mountain Shorts- S,CL_SH,Clothing,Shorts,No,26,Mountain,2013-07-01 00:00:00
275,490,SJ-0194-L,Short-Sleeve Classic Jersey- L,CL_JE,Clothing,Jerseys,No,42,Other Sales,2013-07-01 00:00:00
276,489,SJ-0194-M,Short-Sleeve Classic Jersey- M,CL_JE,Clothing,Jerseys,No,42,Other Sales,2013-07-01 00:00:00
277,488,SJ-0194-S,Short-Sleeve Classic Jersey- S,CL_JE,Clothing,Jerseys,No,42,Other Sales,2013-07-01 00:00:00
278,491,SJ-0194-X,Short-Sleeve Classic Jersey- XL,CL_JE,Clothing,Jerseys,No,42,Other Sales,2013-07-01 00:00:00
279,482,SO-R809-L,Racing Socks- L,CL_SO,Clothing,Socks,No,3,Road,2013-07-01 00:00:00
280,481,SO-R809-M,Racing Socks- M,CL_SO,Clothing,Socks,No,3,Road,2013-07-01 00:00:00
281,486,ST-1401,All-Purpose Bike Stand,AC_BS,Accessories,Bike Stands,No,59,Mountain,2013-07-01 00:00:00
282,535,TI-M267,LL Mountain Tire,AC_TT,Accessories,Tires and Tubes,Yes,9,Mountain,2013-07-01 00:00:00
283,536,TI-M602,ML Mountain Tire,AC_TT,Accessories,Tires and Tubes,Yes,11,Mountain,2013-07-01 00:00:00
284,537,TI-M823,HL Mountain Tire,AC_TT,Accessories,Tires and Tubes,Yes,13,Mountain,2013-07-01 00:00:00
285,538,TI-R092,LL Road Tire,AC_TT,Accessories,Tires and Tubes,Yes,8,Road,2013-07-01 00:00:00
286,539,TI-R628,ML Road Tire,AC_TT,Accessories,Tires and Tubes,Yes,9,Road,2013-07-01 00:00:00
287,540,TI-R982,HL Road Tire,AC_TT,Accessories,Tires and Tubes,Yes,12,Road,2013-07-01 00:00:00
288,541,TI-T723,Touring Tire,AC_TT,Accessories,Tires and Tubes,Yes,11,Touring,2013-07-01 00:00:00
289,528,TT-M928,Mountain Tire Tube,AC_TT,Accessories,Tires and Tubes,Yes,2,Mountain,2013-07-01 00:00:00
290,529,TT-R982,Road Tire Tube,AC_TT,Accessories,Tires and Tubes,Yes,1,Road,2013-07-01 00:00:00
291,530,TT-T092,Touring Tire Tube,AC_TT,Accessories,Tires and Tubes,Yes,2,Touring,2013-07-01 00:00:00
292,473,VE-C304-L,Classic Vest- L,CL_VE,Clothing,Vests,No,24,Other Sales,2013-07-01 00:00:00
293,472,VE-C304-M,Classic Vest- M,CL_VE,Clothing,Vests,No,24,Other Sales,2013-07-01 00:00:00
294,471,VE-C304-S,Classic Vest- S,CL_VE,Clothing,Vests,No,24,Other Sales,2013-07-01 00:00:00
295,477,WB-H098,Water Bottle - 30 oz.,AC_BC,Accessories,Bottles and Cages,No,2,Other Sales,2013-07-01 00:00:00
